,receita,exercicio,tipo_documento,valor_total,numero_debito
0,IPTU-DA,1973,CPF,9213.41,1
1,IPTU-DA,1975,CNPJ,5117.74,1
2,IPTU-DA,1975,CPF,50388.89,2
3,IPTU-DA,1977,CNPJ,19122.69,1
4,IPTU-DA,1977,CPF,54605.19,5
5,IPTU-DA,1978,CPF,1341.25,1
6,IPTU-DA,1979,CPF,21423.260000000002,3
7,IPTU-DA,1981,CNPJ,160068.84,4
8,IPTU-DA,1982,CNPJ,393072.61,7
9,IPTU-DA,1982,CPF,97775.56999999999,7
10,IPTU-DA,1983,CNPJ,187751.11000000002,9
11,IPTU-DA,1983,CPF,80876.75,7
12,IPTU-DA,1984,CNPJ,268380.62,10
13,IPTU-DA,1984,CPF,185262.28,14
14,IPTU-DA,1985,CNPJ,209541.37,6
15,IPTU-DA,1985,CPF,11815.52,5
16,IPTU-DA,1986,CNPJ,729002.49,8
17,IPTU-DA,1986,CPF,141538.41,5
18,IPTU-DA,1987,CPF,48360.229999999996,2
19,IPTU-DA,1988,CNPJ,106658.74,1
20,IPTU-DA,1988,CPF,95922.23999999999,3
21,IPTU-DA,1989,CPF,14.16,8
22,IPTU-DA,1990,CNPJ,1720990.5599999998,225
23,IPTU-DA,1990,CPF,820053.43,557
24,IPTU-DA,1991,CNPJ,6945064.5,27
25,IPTU-DA,1991,CPF,1247322.73,68
26,IPTU-DA,1992,CNPJ,14127840.51,34
27,IPTU-DA,1992,CPF,2625105.08,74
28,IPTU-DA,1993,CNPJ,9956502.040000001,67
29,IPTU-DA,1993,CPF,3072029.69,237
30,IPTU-DA,1994,CNPJ,12439699.440000001,82
31,IPTU-DA,1994,CPF,4827508.08,294
32,IPTU-DA,1995,CNPJ,19125473.89,92
33,IPTU-DA,1995,CPF,7837928.56,369
34,IPTU-DA,1996,CNPJ,18106474.37,121
35,IPTU-DA,1996,CPF,9471867.13,417
36,IPTU-DA,1997,CNPJ,26925890.810000002,136
37,IPTU-DA,1997,CPF,5351985.21,329
38,IPTU-DA,1998,CNPJ,23820302.25,292
39,IPTU-DA,1998,CPF,13369570.42,1191
40,IPTU-DA,1999,CNPJ,24667219.92,381
41,IPTU-DA,1999,CPF,20369575.19,1448
42,IPTU-DA,2000,CNPJ,27812809.51,475
43,IPTU-DA,2000,CPF,20324577.13,1764
44,IPTU-DA,2001,CNPJ,30276240.060000002,265
45,IPTU-DA,2001,CPF,18056191.32,1183
46,IPTU-DA,2002,CNPJ,35321184.9,351
47,IPTU-DA,2002,CPF,24620287.23,1587
48,IPTU-DA,2003,CNPJ,35479039.96,570
49,IPTU-DA,2003,CPF,24403255.33,2269
50,IPTU-DA,2004,CNPJ,33517546.75,638
51,IPTU-DA,2004,CPF,18730349.74,2568
52,IPTU-DA,2005,CNPJ,48506609.01,641
53,IPTU-DA,2005,CPF,16569813.92,2831
54,IPTU-DA,2006,CNPJ,60139245.36,1106
55,IPTU-DA,2006,CPF,33996694.94,3944
56,IPTU-DA,2007,CNPJ,110479174.48,1067
57,IPTU-DA,2007,CPF,43398859.18,4071
58,IPTU-DA,2008,CNPJ,82725696.07,1969
59,IPTU-DA,2008,CPF,53648935.31,8263
60,IPTU-DA,2009,CNPJ,68384019.32,2295
61,IPTU-DA,2009,CPF,72571371.31,9618
62,IPTU-DA,2010,CNPJ,81901476.67,2613
63,IPTU-DA,2010,CPF,82341384.92,11266
64,IPTU-DA,2011,CNPJ,147258676.38,3092
65,IPTU-DA,2011,CPF,123622514.98,13567
66,IPTU-DA,2012,CNPJ,166130467.09,2738
67,IPTU-DA,2012,CPF,124377498.03,9150
68,IPTU-DA,2013,CNPJ,184217637.94,3621
69,IPTU-DA,2013,CPF,122842306.11,13126
70,IPTU-DA,2014,CNPJ,443806916.54,3166
71,IPTU-DA,2014,CPF,640235168.34,13016
72,IPTU-DA,2015,CNPJ,211977929.44,3137
73,IPTU-DA,2015,CPF,336272502.34,13886
74,IPTU-DA,2016,CNPJ,215438758.35,3988
75,IPTU-DA,2016,CPF,349360069.45,19571
76,IPTU-DA,2017,CNPJ,156482691.04,3978
77,IPTU-DA,2017,CPF,264170923.35999998,21199
78,IPTU-DA,2018,CNPJ,178905515.49,8860
79,IPTU-DA,2018,CPF,141715447.78,54584
80,IPTU-DA,2019,CNPJ,166982893.2,6925
81,IPTU-DA,2019,CPF,130028920.29,50384
82,IPTU-DA,2020,CNPJ,169419311.69,7899
83,IPTU-DA,2020,CPF,129741598.34,57280
84,IPTU-DA,2021,CNPJ,152241070.48,10400
85,IPTU-DA,2021,CPF,128407608.59,69622
86,IPTU-DA,2022,CNPJ,293587881.22,13931
87,IPTU-DA,2022,CPF,274365729.18,76260
88,IPTU-DA,2023,CNPJ,274211041.68,15614
89,IPTU-DA,2023,CPF,130320623.94,68008
90,IPTU-DA,2024,CNPJ,5528966.649999999,33
91,IPTU-DA,2024,CPF,2558113.67,12
92,ISS - DECLARADO - SEFAZ,2000,CNPJ,2135.94,1
93,ISS - DECLARADO - SEFAZ,2001,CNPJ,1847858.0,1
94,ISS - DECLARADO - SEFAZ,2002,CNPJ,1141944.6199999999,2
95,ISS - DECLARADO - SEFAZ,2010,CNPJ,205194.13,1
96,ISS - DECLARADO - SEFAZ,2011,CNPJ,117052.14,2
97,ISS - DECLARADO - SEFAZ,2012,CNPJ,349725.47,4
98,ISS - DECLARADO - SEFAZ,2013,CNPJ,715147.76,11
99,ISS - DECLARADO - SEFAZ,2014,CNPJ,128075.47,6
100,ISS - DECLARADO - SEFAZ,2014,CPF,1972.85,1
101,ISS-DA,1971,CNPJ,55950.65,1
102,ISS-DA,1973,CNPJ,84991.68,2
103,ISS-DA,1975,CNPJ,35255.6,1
104,ISS-DA,1975,CPF,7098.86,1
105,ISS-DA,1977,CNPJ,14226.37,1
106,ISS-DA,1977,CPF,13421.57,1
107,ISS-DA,1978,CNPJ,302962.11,2
108,ISS-DA,1978,CPF,255598.41999999998,2
109,ISS-DA,1979,CNPJ,166804.93,7
110,ISS-DA,1979,CPF,905139.16,4
111,ISS-DA,1980,CNPJ,509349.37,14
112,ISS-DA,1980,CPF,77465.46,3
113,ISS-DA,1981,CNPJ,5703309.260000001,19
114,ISS-DA,1981,CPF,102289.38,2
115,ISS-DA,1982,CNPJ,924800.2000000001,10
116,ISS-DA,1982,CPF,8393.29,2
117,ISS-DA,1983,CNPJ,809139.4400000001,7
118,ISS-DA,1983,CPF,102967.25,1
119,ISS-DA,1984,CNPJ,922155.47,9
120,ISS-DA,1985,CNPJ,172279229.76999998,8
121,ISS-DA,1986,CNPJ,18398271.48,29
122,ISS-DA,1986,CPF,627111.17,6
123,ISS-DA,1987,CNPJ,8181727.62,25
124,ISS-DA,1987,CPF,33181.7,2
125,ISS-DA,1988,CNPJ,6321726.069999999,31
126,ISS-DA,1989,CNPJ,15041722.61,23
127,ISS-DA,1989,CPF,262047.66,2
128,ISS-DA,1990,CNPJ,18840690.29,36
129,ISS-DA,1990,CPF,105361.12999999999,2
130,ISS-DA,1991,CNPJ,41209284.53,41
131,ISS-DA,1991,CPF,1019476.8799999999,4
132,ISS-DA,1992,CNPJ,88148835.00999999,109
133,ISS-DA,1992,CPF,3319610.28,1
134,ISS-DA,1993,CNPJ,106576257.16,97
135,ISS-DA,1994,CNPJ,115489005.81,157
136,ISS-DA,1994,CPF,17685.71,1
137,ISS-DA,1995,CNPJ,240347152.88,220
138,ISS-DA,1995,CPF,1091615.4300000002,5
139,ISS-DA,1996,CNPJ,247378565.09,262
140,ISS-DA,1996,CPF,1708459.99,5
141,ISS-DA,1997,CNPJ,109839192.28999999,204
142,ISS-DA,1997,CPF,1345344.6300000001,11
143,ISS-DA,1998,CNPJ,185067200.39000002,231
144,ISS-DA,1998,CPF,1409405.42,95
145,ISS-DA,1999,CNPJ,144264968.51,284
146,ISS-DA,1999,CPF,1176101.93,131
147,ISS-DA,2000,CNPJ,56045658.54,112
148,ISS-DA,2000,CPF,632806.22,189
149,ISS-DA,2001,CNPJ,55835406.67,97
150,ISS-DA,2001,CPF,527634.46,257
151,ISS-DA,2002,CNPJ,98186687.97,293
152,ISS-DA,2002,CPF,1526418.15,310
153,ISS-DA,2003,CNPJ,169982147.31,430
154,ISS-DA,2003,CPF,1456915.64,335
155,ISS-DA,2004,CNPJ,116286719.28,656
156,ISS-DA,2004,CPF,1810347.66,364
157,ISS-DA,2005,CNPJ,119126749.63,441
158,ISS-DA,2005,CPF,1104214.43,554
159,ISS-DA,2006,CNPJ,94472516.07,301
160,ISS-DA,2006,CPF,2545423.64,1080
161,ISS-DA,2007,CNPJ,213527700.63,411
162,ISS-DA,2007,CPF,7520949.449999999,1141
163,ISS-DA,2008,CNPJ,170233056.05,407
164,ISS-DA,2008,CPF,7029472.29,5364
165,ISS-DA,2009,CNPJ,214474216.59,367
166,ISS-DA,2009,CPF,7669756.970000001,5997
167,ISS-DA,2010,CNPJ,186175913.72,544
168,ISS-DA,2010,CPF,9306990.78,6720
169,ISS-DA,2011,CNPJ,252731591.33,316
170,ISS-DA,2011,CPF,9645093.799999999,7189
171,ISS-DA,2012,CNPJ,206612955.79,290
172,ISS-DA,2012,CPF,8947016.77,6381
173,ISS-DA,2013,CNPJ,126608608.91,1967
174,ISS-DA,2013,CPF,9560394.9,7538
175,ISS-DA,2014,CNPJ,204960600.84,18333
176,ISS-DA,2014,CPF,6768997.6899999995,5537
177,ISS-DA,2015,CNPJ,144949387.04,19171
178,ISS-DA,2015,CPF,6821291.55,5379
179,ISS-DA,2016,CNPJ,199402957.87,21426
180,ISS-DA,2016,CPF,3231552.94,2579
181,ISS-DA,2017,CNPJ,278792549.83,20675
182,ISS-DA,2017,CPF,2886662.7399999998,2475
183,ISS-DA,2018,CNPJ,131239620.92,23029
184,ISS-DA,2018,CPF,2595837.75,2536
185,ISS-DA,2019,CNPJ,95184268.82,21096
186,ISS-DA,2019,CPF,3669853.87,4276
187,ISS-DA,2020,CNPJ,88387841.6,19257
188,ISS-DA,2020,CPF,2924454.39,3486
189,ISS-DA,2021,CNPJ,72901325.98,17639
190,ISS-DA,2021,CPF,2889197.73,3902
191,ISS-DA,2022,CNPJ,89299858.91,19062
192,ISS-DA,2022,CPF,2653048.61,3618
193,ISS-DA,2023,CNPJ,52004416.68,19178
194,ISS-DA,2023,CPF,2450296.92,3065
195,ISS-DA,2024,CNPJ,5220738.17,51
196,ITIV - ESPONTÂNEO - SEFAZ,2010,CNPJ,59247.84,3
197,ITIV - ESPONTÂNEO - SEFAZ,2010,CPF,90249.83,7
198,ITIV - ESPONTÂNEO - SEFAZ,2011,CNPJ,905399.33,9
199,ITIV - ESPONTÂNEO - SEFAZ,2011,CPF,2844093.18,81
200,ITIV - ESPONTÂNEO - SEFAZ,2012,CNPJ,2376276.2199999997,28
201,ITIV - ESPONTÂNEO - SEFAZ,2012,CPF,2286513.06,95
202,ITIV - ESPONTÂNEO - SEFAZ,2013,CNPJ,151845.76,6
203,ITIV - ESPONTÂNEO - SEFAZ,2013,CPF,554867.17,27
204,ITIV - ESPONTÂNEO - SEFAZ,2014,CPF,77106.47,5
205,ITIV - SEFAZ,1994,CNPJ,227867.18,1
206,ITIV - SEFAZ,1995,CNPJ,21116171.27,6
207,ITIV - SEFAZ,1995,CPF,185522.8,5
208,ITIV - SEFAZ,1997,CNPJ,13795.43,1
209,ITIV - SEFAZ,2003,CNPJ,1586135.96,1
210,ITIV - SEFAZ,2005,CNPJ,2989690.86,2
211,ITIV - SEFAZ,2005,CPF,675493.6000000001,8
212,ITIV - SEFAZ,2006,CNPJ,639345.53,74
213,ITIV - SEFAZ,2006,CPF,279457.36,18
214,ITIV - SEFAZ,2007,CNPJ,8165053.49,18
215,ITIV - SEFAZ,2007,CPF,896210.8,32
216,ITIV - SEFAZ,2008,CNPJ,882563.94,5
217,ITIV - SEFAZ,2008,CPF,1648383.95,75
218,ITIV - SEFAZ,2009,CNPJ,2302305.3600000003,11
219,ITIV - SEFAZ,2009,CPF,1410351.97,66
220,ITIV - SEFAZ,2010,CNPJ,4267262.55,15
221,ITIV - SEFAZ,2010,CPF,4008288.85,184
222,ITIV - SEFAZ,2011,CNPJ,934668.93,10
223,ITIV - SEFAZ,2011,CPF,2815066.98,111
224,ITIV - SEFAZ,2012,CNPJ,631313.06,6
225,ITIV - SEFAZ,2012,CPF,3226705.74,69
226,ITIV - SEFAZ,2013,CNPJ,9278226.68,4
227,ITIV - SEFAZ,2013,CPF,785917.63,15
228,ITIV - SEFAZ,2014,CNPJ,1671544.09,2
229,ITIV - SEFAZ,2014,CPF,290399.08,10
230,ITIV - SEFAZ,2015,CNPJ,191751.39,4
231,ITIV - SEFAZ,2015,CPF,129876.06,4
232,ITIV - SEFAZ,2016,CNPJ,12498288.28,7
233,ITIV - SEFAZ,2016,CPF,50667.07,1
234,ITIV - SEFAZ,2018,CNPJ,200670.04,2
235,ITIV - SEFAZ,2019,CNPJ,735852.6,1
236,ITIV - SEFAZ,2020,CPF,42504.56,1
237,ITIV - SEFAZ,2023,CNPJ,247489.5,4
238,ITIV - SEFAZ,2023,CPF,712437.06,7
239,ITIV - SEFAZ,2024,CNPJ,339205.81,7
240,ITIV - SEFAZ,2024,CPF,310147.62,3
241,IVVC - SEFAZ,1990,CNPJ,44227.49,1
242,IVVC - SEFAZ,1991,CNPJ,1407021.48,3
243,IVVC - SEFAZ,1992,CNPJ,861594.96,3
244,IVVC - SEFAZ,1993,CNPJ,97267.05,2
245,IVVC - SEFAZ,1995,CNPJ,1785801.05,5
246,IVVC - SEFAZ,1997,CNPJ,124687.89,1
247,RIR - SUCOM,1994,CNPJ,21794.26,1
248,RMI - DESAL,2009,CNPJ,20248.69,1
249,RMI - FCM,2003,CNPJ,1978.03,1
250,RMI - SAÚDE,1980,CNPJ,1064.14,1
251,RMI - SAÚDE,1991,CNPJ,13618.98,1
252,RMI - SAÚDE,1991,CPF,24643.54,2
253,RMI - SAÚDE,1993,CNPJ,28210.230000000003,2
254,RMI - SAÚDE,1994,CNPJ,83874.77,4
255,RMI - SAÚDE,1994,CPF,21017.199999999997,2
256,RMI - SAÚDE,1995,CNPJ,12398.14,1
257,RMI - SAÚDE,1995,CPF,40997.89,3
258,RMI - SAÚDE,1996,CNPJ,42611.47,2
259,RMI - SAÚDE,1996,CPF,6104.45,1
260,RMI - SAÚDE,1997,CNPJ,90202.9,5
261,RMI - SAÚDE,1998,CNPJ,29589.92,5
262,RMI - SAÚDE,1998,CPF,10391.26,3
263,RMI - SAÚDE,2000,CNPJ,54638.38,1
264,RMI - SAÚDE,2002,CNPJ,11091.83,2
265,RMI - SAÚDE,2003,CNPJ,631286.73,1
266,RMI - SAÚDE,2004,CNPJ,9301.0,2
267,RMI - SAÚDE,2004,CPF,20607.38,1
268,RMI - SAÚDE,2005,CNPJ,250826.11,47
269,RMI - SAÚDE,2006,CNPJ,345727.96,89
270,RMI - SAÚDE,2006,CPF,6020.139999999999,4
271,RMI - SAÚDE,2007,CNPJ,1044529.9400000001,108
272,RMI - SAÚDE,2007,CPF,3183.31,2
273,RMI - SAÚDE,2008,CNPJ,1091951.56,108
274,RMI - SAÚDE,2008,CPF,8753.24,3
275,RMI - SAÚDE,2009,CNPJ,797208.62,97
276,RMI - SAÚDE,2009,CPF,36111.98,10
277,RMI - SAÚDE,2010,CNPJ,919383.09,117
278,RMI - SAÚDE,2010,CPF,79742.42,8
279,RMI - SAÚDE,2011,CNPJ,3172195.4899999998,87
280,RMI - SAÚDE,2011,CPF,34719.01,12
281,RMI - SAÚDE,2012,CNPJ,4397995.100000001,67
282,RMI - SAÚDE,2012,CPF,9463.970000000001,4
283,RMI - SAÚDE,2013,CNPJ,111975.06999999999,25
284,RMI - SAÚDE,2013,CPF,6083.129999999999,2
285,RMI - SAÚDE,2014,CNPJ,445916.13999999996,7
286,RMI - SAÚDE,2014,CPF,4907.4,2
287,RMI - SAÚDE,2015,CNPJ,205198.31000000003,7
288,RMI - SAÚDE,2016,CNPJ,133591.14,12
289,RMI - SAÚDE,2017,CNPJ,612770.43,57
290,RMI - SAÚDE,2017,CPF,40216.14,10
291,RMI - SAÚDE,2018,CNPJ,1747949.1300000001,54
292,RMI - SAÚDE,2018,CPF,81493.05,13
293,RMI - SAÚDE,2019,CNPJ,361821.65,69
294,RMI - SAÚDE,2019,CPF,61900.92,20
295,RMI - SAÚDE,2020,CNPJ,204896.89,53
296,RMI - SAÚDE,2020,CPF,16855.64,9
297,RMI - SAÚDE,2021,CNPJ,221131.82,63
298,RMI - SAÚDE,2021,CPF,13639.05,9
299,RMI - SAÚDE,2022,CNPJ,9756.17,8
300,RMI - SAÚDE,2023,CNPJ,671.77,1
301,RMI - SEAD,2009,CNPJ,162.46,1
302,RMI - SEAD,2010,CNPJ,65653.21,1
303,RMI - SEAD,2011,CNPJ,22202269.580000002,2
304,RMI - SEDES/CODECON,2012,CNPJ,32645.6,1
305,RMI - SEDES/CODECON,2014,CNPJ,73104.19,1
306,RMI - SEDES/CODECON,2015,CNPJ,1621394.22,76
307,RMI - SEDES/CODECON,2016,CNPJ,655896.34,38
308,RMI - SEDES/CODECON,2017,CNPJ,80256.04000000001,4
309,RMI - SEDUR,2011,CNPJ,1229.29,1
310,RMI - SEDUR,2012,CNPJ,11991.77,1
311,RMI - SEDUR,2014,CNPJ,1767.63,1
312,RMI - SEDUR,2014,CPF,242.96,1
313,RMI - SEDUR,2015,CNPJ,14543.95,7
314,RMI - SEDUR,2015,CPF,163861.23,10
315,RMI - SEDUR,2016,CNPJ,2280304.29,112
316,RMI - SEDUR,2016,CPF,4422419.92,356
317,RMI - SEDUR,2017,CNPJ,628380.16,140
318,RMI - SEDUR,2017,CPF,1678666.2,95
319,RMI - SEDUR,2018,CNPJ,14992171.48,186
320,RMI - SEDUR,2018,CPF,3105962.95,137
321,RMI - SEDUR,2019,CNPJ,1884517.72,228
322,RMI - SEDUR,2019,CPF,2530371.55,294
323,RMI - SEDUR,2020,CNPJ,733649.7100000001,80
324,RMI - SEDUR,2020,CPF,2306453.93,361
325,RMI - SEDUR,2021,CNPJ,452811.85,142
326,RMI - SEDUR,2021,CPF,2644749.7600000002,395
327,RMI - SEDUR,2022,CNPJ,512297.96,270
328,RMI - SEDUR,2022,CPF,887462.07,403
329,RMI - SEDUR,2023,CNPJ,153101.39,75
330,RMI - SEDUR,2023,CPF,121876.04000000001,68
331,RMI - SEFAZ,1978,CNPJ,2722.14,1
332,RMI - SEFAZ,1979,CNPJ,9836.3,3
333,RMI - SEFAZ,1980,CNPJ,26996.739999999998,2
334,RMI - SEFAZ,1982,CNPJ,4509.54,1
335,RMI - SEFAZ,1982,CPF,556.12,2
336,RMI - SEFAZ,1983,CNPJ,6348.469999999999,2
337,RMI - SEFAZ,1986,CNPJ,7156.19,1
338,RMI - SEFAZ,1986,CPF,13275.34,1
339,RMI - SEFAZ,1987,CNPJ,35843.77,5
340,RMI - SEFAZ,1989,CNPJ,2636732.27,2
341,RMI - SEFAZ,1990,CNPJ,123212.40000000001,6
342,RMI - SEFAZ,1990,CPF,2441.95,1
343,RMI - SEFAZ,1991,CNPJ,2209118.59,14
344,RMI - SEFAZ,1991,CPF,10218.08,1
345,RMI - SEFAZ,1992,CNPJ,96388.85,8
346,RMI - SEFAZ,1992,CPF,39423.34,3
347,RMI - SEFAZ,1993,CNPJ,45896739.54,13
348,RMI - SEFAZ,1993,CPF,11121.38,2
349,RMI - SEFAZ,1994,CNPJ,636742.14,22
350,RMI - SEFAZ,1994,CPF,41085.44,3
351,RMI - SEFAZ,1995,CNPJ,552363.2000000001,22
352,RMI - SEFAZ,1996,CNPJ,60182.36,5
353,RMI - SEFAZ,1996,CPF,9704.72,1
354,RMI - SEFAZ,1997,CNPJ,206529.51,12
355,RMI - SEFAZ,1998,CNPJ,9650.869999999999,3
356,RMI - SEFAZ,1998,CPF,7370.55,1
357,RMI - SEFAZ,1999,CNPJ,125951.22,6
358,RMI - SEFAZ,1999,CPF,10334.04,1
359,RMI - SEFAZ,2000,CNPJ,80873.84,9
360,RMI - SEFAZ,2001,CNPJ,91937.51,8
361,RMI - SEFAZ,2002,CNPJ,543422.67,47
362,RMI - SEFAZ,2002,CPF,9896.34,2
363,RMI - SEFAZ,2003,CNPJ,5577459.56,233
364,RMI - SEFAZ,2003,CPF,84789.03,3
365,RMI - SEFAZ,2004,CNPJ,1015066.51,54
366,RMI - SEFAZ,2004,CPF,5065.36,1
367,RMI - SEFAZ,2005,CNPJ,4197991.93,92
368,RMI - SEFAZ,2005,CPF,82590.31999999999,2
369,RMI - SEFAZ,2006,CNPJ,963051.08,49
370,RMI - SEFAZ,2007,CNPJ,809787.82,18
371,RMI - SEFAZ,2008,CNPJ,78775.57,3
372,RMI - SEFAZ,2009,CNPJ,146988.83,10
373,RMI - SEFAZ,2010,CNPJ,318117.21,8
374,RMI - SEFAZ,2011,CNPJ,175737.40000000002,7
375,RMI - SEFAZ,2012,CNPJ,175263.28,4
376,RMI - SEFAZ,2013,CNPJ,54501.32,3
377,RMI - SEFAZ,2014,CNPJ,264117.67,4
378,RMI - SEFAZ,2016,CNPJ,1478599.0,1
379,RMI - SEFAZ,2018,CNPJ,176220.35,1
380,RMI - SEFAZ,2019,CNPJ,130741.01,2
381,RMI - SEFAZ,2020,CNPJ,478643.55,3
382,RMI - SEFAZ,2021,CNPJ,40450.26,3
383,RMI - SEFAZ,2022,CNPJ,43875.5,1
384,RMI - SEFAZ,2024,CNPJ,60991.5,4
385,RMI - SEFAZ - CGA,1985,CNPJ,23263.45,1
386,RMI - SEFAZ - CGA,1987,CNPJ,5320.9,1
387,RMI - SEFAZ - CGA,1988,CNPJ,135343.68,1
388,RMI - SEFAZ - CGA,1989,CNPJ,6388.54,1
389,RMI - SEFAZ - CGA,1991,CNPJ,13274.01,1
390,RMI - SEFAZ - CGA,1992,CNPJ,119003.38,7
391,RMI - SEFAZ - CGA,1993,CNPJ,30322.46,3
392,RMI - SEFAZ - CGA,1994,CNPJ,164439.25,14
393,RMI - SEFAZ - CGA,1994,CPF,13044.33,1
394,RMI - SEFAZ - CGA,1995,CNPJ,11288650.49,35
395,RMI - SEFAZ - CGA,1995,CPF,6321.0,1
396,RMI - SEFAZ - CGA,1996,CNPJ,622222.53,25
397,RMI - SEFAZ - CGA,1996,CPF,10457029.21,3
398,RMI - SEFAZ - CGA,1997,CNPJ,1834197.1,36
399,RMI - SEFAZ - CGA,1997,CPF,5964.25,1
400,RMI - SEFAZ - CGA,1998,CNPJ,745278.77,41
401,RMI - SEFAZ - CGA,1998,CPF,2804.06,1
402,RMI - SEFAZ - CGA,1999,CNPJ,927446.84,56
403,RMI - SEFAZ - CGA,1999,CPF,9143.76,1
404,RMI - SEFAZ - CGA,2000,CNPJ,947452.47,46
405,RMI - SEFAZ - CGA,2000,CPF,3987.11,1
406,RMI - SEFAZ - CGA,2001,CNPJ,501945.22000000003,55
407,RMI - SEFAZ - CGA,2002,CNPJ,293936.39,28
408,RMI - SEFAZ - CGA,2003,CNPJ,5331405.36,214
409,RMI - SEFAZ - CGA,2003,CPF,17449.079999999998,2
410,RMI - SEFAZ - CGA,2004,CNPJ,1181127.1099999999,60
411,RMI - SEFAZ - CGA,2004,CPF,20543.9,2
412,RMI - SEFAZ - CGA,2005,CNPJ,3496789.4,102
413,RMI - SEFAZ - CGA,2005,CPF,3517.19,1
414,RMI - SEFAZ - CGA,2006,CNPJ,1887239.79,63
415,RMI - SEFAZ - CGA,2007,CNPJ,3835375.71,117
416,RMI - SEFAZ - CGA,2007,CPF,87970.17,3
417,RMI - SEFAZ - CGA,2008,CNPJ,4416231.45,128
418,RMI - SEFAZ - CGA,2009,CNPJ,3375324.4899999998,121
419,RMI - SEFAZ - CGA,2010,CNPJ,13916972.49,203
420,RMI - SEFAZ - CGA,2011,CNPJ,6054939.16,184
421,RMI - SEFAZ - CGA,2012,CNPJ,4616777.15,97
422,RMI - SEFAZ - CGA,2013,CNPJ,4610682.46,98
423,RMI - SEFAZ - CGA,2014,CNPJ,4094103.1999999997,109
424,RMI - SEFAZ - CGA,2015,CNPJ,3223060.47,67
425,RMI - SEFAZ - CGA,2016,CNPJ,16657226.17,63
426,RMI - SEFAZ - CGA,2017,CNPJ,39015749.19,48
427,RMI - SEFAZ - CGA,2018,CNPJ,5985111.529999999,34
428,RMI - SEFAZ - CGA,2019,CNPJ,1421123.47,29
429,RMI - SEFAZ - CGA,2020,CNPJ,10729720.51,110
430,RMI - SEFAZ - CGA,2021,CNPJ,6729630.12,171
431,RMI - SEFAZ - CGA,2022,CNPJ,6558402.0,127
432,RMI - SEFAZ - CGA,2023,CNPJ,785881.36,51
433,RMI - SEFAZ - CGA,2024,CNPJ,354390.83,31
434,RMI - SEFAZ - IPTU,1994,CNPJ,389353.58,1
435,RMI - SEFAZ - IPTU,1996,CNPJ,159723.05,2
436,RMI - SEFAZ - IPTU,1997,CNPJ,11968.2,1
437,RMI - SEFAZ - IPTU,1998,CNPJ,2437.35,1
438,RMI - SEFAZ - IPTU,1999,CPF,4024.72,1
439,RMI - SEFAZ - IPTU,2000,CNPJ,4006.61,1
440,RMI - SEFAZ - IPTU,2000,CPF,3918.87,1
441,RMI - SEFAZ - IPTU,2001,CPF,3811.56,1
442,RMI - SEFAZ - IPTU,2002,CPF,3491.52,1
443,RMI - SEFAZ - IPTU,2004,CNPJ,15829.26,1
444,RMI - SEFAZ - IPTU,2004,CPF,3799.02,1
445,RMI - SEFAZ - IPTU,2005,CNPJ,3702.34,1
446,RMI - SEFAZ - IPTU,2005,CPF,7426.2,2
447,RMI - SEFAZ - IPTU,2007,CNPJ,2861.57,1
448,RMI - SEFAZ - IPTU,2011,CPF,2440.5,1
449,RMI - SEFAZ - IPTU,2012,CNPJ,18597.95,8
450,RMI - SEFAZ - IPTU,2012,CPF,7045.49,3
451,RMI - SEHAB,2009,CNPJ,34409.9,1
452,RMI - SEMADE,1993,CNPJ,12086.14,2
453,RMI - SEMADE,1993,CPF,9059.36,1
454,RMI - SEMADE,1994,CNPJ,47179.15,5
455,RMI - SEMADE,1995,CNPJ,95393.72,6
456,RMI - SEMADE,1995,CPF,250718.8,5
457,RMI - SEMADE,1996,CNPJ,80256.10999999999,2
458,RMI - SEMADE,1996,CPF,149449.02000000002,2
459,RMI - SEMADE,1997,CNPJ,39759.44,2
460,RMI - SEMADE,1997,CPF,115854.36,4
461,RMI - SEMAP/CODECON,2003,CNPJ,27258.93,1
462,RMI - SEMAP/CODECON,2004,CNPJ,85172.14,3
463,RMI - SEMAP/CODECON,2005,CNPJ,924074.84,12
464,RMI - SEMAP/CODECON,2006,CNPJ,505389.06,10
465,RMI - SEMAP/CODECON,2007,CNPJ,752090.25,8
466,RMI - SEMAP/CODECON,2008,CNPJ,640623.3,10
467,RMI - SEMAP/CODECON,2009,CNPJ,60591.55,2
468,RMI - SEMAP/CODECON,2011,CNPJ,113673.20000000001,3
469,RMI - SEMGE,2015,CNPJ,136685.08,2
470,RMI - SEMGE,2022,CNPJ,9414.57,1
471,RMI - SEMOP/CODECON,2012,CNPJ,40564.2,2
472,RMI - SEMOP/CODECON,2013,CNPJ,737597.13,22
473,RMI - SEMOP/CODECON,2014,CNPJ,1153327.29,16
474,RMI - SEMOP/CODECON,2015,CNPJ,39599.38,3
475,RMI - SEMOP/CODECON,2016,CNPJ,107802.04999999999,4
476,RMI - SEMOP/CODECON,2017,CNPJ,1190508.05,59
477,RMI - SEMOP/CODECON,2017,CPF,24352.48,4
478,RMI - SEMOP/CODECON,2018,CNPJ,1995026.01,40
479,RMI - SEMOP/CODECON,2018,CPF,14199.99,2
480,RMI - SEMOP/CODECON,2019,CNPJ,1007251.36,28
481,RMI - SEMOP/CODECON,2019,CPF,7260.12,1
482,RMI - SEMOP/CODECON,2020,CNPJ,130884.21,4
483,RMI - SEMOP/CODECON,2021,CNPJ,268298.16,16
484,RMI - SEMOP/CODECON,2022,CNPJ,18975.36,2
485,RMI - SEMOP/CODECON,2023,CNPJ,127939.68,1
486,RMI - SEMPS,2010,CNPJ,810072.43,1
487,RMI - SEPLAG,2009,CNPJ,10409636.54,1
488,RMI - SEPLAG,2011,CNPJ,6036.49,1
489,RMI - SEPLAG,2012,CNPJ,7592.33,1
490,RMI - SESP,1981,CPF,975.66,1
491,RMI - SESP,1982,CPF,1679.63,1
492,RMI - SESP,1984,CPF,457.21,1
493,RMI - SESP,1985,CPF,149850.76,1
494,RMI - SESP,1987,CNPJ,19587.93,1
495,RMI - SESP,1987,CPF,16297.380000000001,4
496,RMI - SESP,1989,CPF,6599.04,1
497,RMI - SESP,1992,CNPJ,843.48,2
498,RMI - SESP,1996,CPF,19632.51,1
499,RMI - SESP,1998,CNPJ,46410.19,6
500,RMI - SESP,1998,CPF,88805.46,9
501,RMI - SESP,1999,CNPJ,199513.12,24
502,RMI - SESP,2000,CNPJ,148469.07,18
503,RMI - SESP,2002,CNPJ,181525.85,4
504,RMI - SESP,2003,CNPJ,97402.31,2
505,RMI - SESP,2004,CNPJ,12022.5,1
506,RMI - SESP,2005,CNPJ,825935.77,3
507,RMI - SESP,2009,CNPJ,123419.72,4
508,RMI - SESP,2010,CNPJ,132565.43,21
509,RMI - SESP,2012,CNPJ,26776.25,1
510,RMI - SESP/CODECON,2010,CNPJ,298646.83,4
511,RMI - SESP/CODECON,2011,CNPJ,2591144.64,17
512,RMI - SESP/CODECON,2012,CNPJ,856118.4299999999,17
513,RMI - SESP/CODECON,2013,CNPJ,24607.8,1
514,RMI - SMEC,2003,CNPJ,23807.21,1
515,RMI - SMEC,2005,CNPJ,72791.22,1
516,RMI - SMED,2017,CNPJ,325810.20999999996,3
517,RMI - SMED,2019,CNPJ,21545.11,2
518,RMI - SUCOM,1986,CNPJ,95057.34,1
519,RMI - SUCOM,1994,CNPJ,18920.09,2
520,RMI - SUCOM,1994,CPF,21002.13,4
521,RMI - SUCOM,1995,CNPJ,128863.8,4
522,RMI - SUCOM,1995,CPF,86617.53,5
523,RMI - SUCOM,1996,CNPJ,66512.97,3
524,RMI - SUCOM,1996,CPF,48347.46,6
525,RMI - SUCOM,1997,CNPJ,23559.03,1
526,RMI - SUCOM,1997,CPF,30318.99,4
527,RMI - SUCOM,1998,CNPJ,167654.98,15
528,RMI - SUCOM,1998,CPF,133839.8,12
529,RMI - SUCOM,1999,CNPJ,328717.36,27
530,RMI - SUCOM,1999,CPF,366401.06,27
531,RMI - SUCOM,2000,CNPJ,85074.14,8
532,RMI - SUCOM,2000,CPF,75091.18999999999,6
533,RMI - SUCOM,2001,CNPJ,3055019.0600000005,4
534,RMI - SUCOM,2001,CPF,16201.01,3
535,RMI - SUCOM,2002,CNPJ,94212.05,7
536,RMI - SUCOM,2002,CPF,1818.67,1
537,RMI - SUCOM,2003,CNPJ,10002.35,2
538,RMI - SUCOM,2003,CPF,13960.09,2
539,RMI - SUCOM,2004,CNPJ,251757.02000000002,9
540,RMI - SUCOM,2004,CPF,137686.24,13
541,RMI - SUCOM,2005,CNPJ,1005578.12,83
542,RMI - SUCOM,2005,CPF,3812241.12,130
543,RMI - SUCOM,2006,CNPJ,286026.79,37
544,RMI - SUCOM,2006,CPF,260875.12,28
545,RMI - SUCOM,2007,CNPJ,1221900.3699999999,218
546,RMI - SUCOM,2007,CPF,862957.8,156
547,RMI - SUCOM,2008,CNPJ,13999.46,1
548,RMI - SUCOM,2008,CPF,114678.26,1
549,RMI - SUCOM,2009,CNPJ,3460.62,1
550,RMI - SUCOM,2010,CNPJ,75386.81,8
551,RMI - SUCOM,2010,CPF,317757.81,24
552,RMI - SUCOM,2011,CNPJ,2274362.8,293
553,RMI - SUCOM,2011,CPF,19226278.81,679
554,RMI - SUCOM,2012,CNPJ,3331513.62,360
555,RMI - SUCOM,2012,CPF,24011278.12,832
556,RMI - SUCOM,2013,CNPJ,3334551.85,323
557,RMI - SUCOM,2013,CPF,21972696.7,958
558,RMI - SUCOM,2014,CNPJ,2088215.14,236
559,RMI - SUCOM,2014,CPF,20444638.56,982
560,RMI - SUCOM,2015,CNPJ,1357988.93,216
561,RMI - SUCOM,2015,CPF,10096420.71,594
562,RMI - SUCOM,2016,CNPJ,102267.14,13
563,RMI - SUCOM,2016,CPF,609019.46,64
564,RMI - SUCOM,2017,CNPJ,1124.7,1
565,RMI - SUCOM,2017,CPF,3813.24,1
566,RMI - SUCOM,2019,CNPJ,4203.49,2
567,RMI - SUMAC,1989,CPF,12657.96,1
568,RMI - TCM,2006,CPF,7472.3099999999995,2
569,RMI - TCM,2010,CPF,389.39,1
570,RMI - TCM,2012,CPF,598.59,1
571,RMI - TCM,2018,CPF,101581.04,1
572,RMI-ARSAL,2015,CNPJ,6409837.449999999,3
573,RMI-ARSAL,2016,CNPJ,14085612.879999999,5
574,RMI-ARSAL,2017,CNPJ,16855381.65,3
575,RMI-ARSAL,2018,CNPJ,3673693.83,1
576,ROU - SAÚDE,2005,CNPJ,216648.0,1
577,ROU - SAÚDE,2006,CPF,3908.7,1
578,ROU - SAÚDE,2009,CNPJ,1386317.95,1
579,ROU - SAÚDE,2009,CPF,26853.95,2
580,ROU - SAÚDE,2010,CNPJ,459920.7,2
581,ROU - SAÚDE,2011,CNPJ,1829237.46,3
582,ROU - SAÚDE,2012,CNPJ,6108748.21,12
583,ROU - SAÚDE,2012,CPF,60847.45,2
584,ROU - SAÚDE,2013,CNPJ,280970.55,2
585,ROU - SAÚDE,2013,CPF,30865.620000000003,2
586,ROU - SAÚDE,2014,CNPJ,148564.9,1
587,ROU - SAÚDE,2014,CPF,37185.74,5
588,ROU - SAÚDE,2015,CPF,27053.559999999998,3
589,ROU - SAÚDE,2016,CNPJ,69935.42,1
590,ROU - SAÚDE,2017,CNPJ,8548955.83,1
591,ROU - SAÚDE,2017,CPF,12007.01,5
592,ROU - SAÚDE,2018,CNPJ,12641441.57,1
593,ROU - SAÚDE,2018,CPF,27184.949999999997,5
594,ROU - SAÚDE,2019,CNPJ,17711665.37,1
595,ROU - SAÚDE,2019,CPF,19482.41,8
596,ROU - SAÚDE,2020,CPF,49871.34,15
597,ROU - SAÚDE,2021,CPF,69318.29000000001,17
598,ROU - SAÚDE,2022,CPF,93187.99,22
599,ROU - SAÚDE,2023,CPF,31552.27,9
600,ROU - SEDUR,2018,CPF,711377.85,1
601,ROU - SEDUR,2021,CPF,1906.18,1
602,ROU - SEFAZ,1985,CPF,6039.92,1
603,ROU - SEFAZ,2013,CNPJ,2306901.68,1
604,ROU - SEFAZ,2014,CNPJ,129389.0,1
605,ROU - SEMGE,2022,CPF,225.97,1
606,ROU - SEMOB,2015,CNPJ,6044253.390000001,2
607,ROU - SEMOB,2016,CNPJ,11874113.73,4
608,ROU - SEMOB,2017,CNPJ,24257933.15,1
609,ROU - SEMOB,2018,CNPJ,6905293.14,1
610,ROU - SEMPRE,2008,CNPJ,8919.8,1
611,ROU - SEMPRE,2020,CNPJ,352998.3,1
612,ROU - SMED,2016,CNPJ,2729.3,1
613,ROU - SMED,2021,CPF,2242.54,2
614,ROU - SMED,2022,CPF,281434.85,1
615,ROU - SMED,2023,CPF,4080.12,4
616,ROU - SUCOM,2015,CNPJ,1224773.42,1
617,ROU - SUCOM,2018,CNPJ,547141.53,1
618,ROU - SUCOP,2017,CNPJ,505619.27,2
619,TDU - SEFAZ,2008,CPF,101929.78,1
620,TDU - SEFAZ,2013,CPF,3126.7,1
621,TDU - SEFAZ,2017,CNPJ,190069.75,3
622,TDU - SEFAZ,2018,CPF,3969.65,1
623,TFF-DA,1998,CNPJ,862679.37,250
624,TFF-DA,1999,CNPJ,1095452.0,287
625,TFF-DA,2000,CNPJ,1488667.01,422
626,TFF-DA,2001,CNPJ,2105341.53,570
627,TFF-DA,2002,CNPJ,2092160.82,643
628,TFF-DA,2003,CNPJ,3051410.16,840
629,TFF-DA,2004,CNPJ,3088894.79,878
630,TFF-DA,2005,CNPJ,3413371.63,1007
631,TFF-DA,2005,CPF,11443.66,1
632,TFF-DA,2006,CNPJ,3805504.18,1133
633,TFF-DA,2007,CNPJ,5874189.350000001,1450
634,TFF-DA,2008,CNPJ,13577623.68,4425
635,TFF-DA,2009,CNPJ,16716257.37,5509
636,TFF-DA,2009,CPF,4721.06,1
637,TFF-DA,2010,CNPJ,49845441.73,10650
638,TFF-DA,2010,CPF,10688.99,15
639,TFF-DA,2011,CNPJ,54368033.86,12363
640,TFF-DA,2011,CPF,23754.13,29
641,TFF-DA,2012,CNPJ,54020474.02,12336
642,TFF-DA,2012,CPF,41682.43,63
643,TFF-DA,2013,CNPJ,58588285.24,14338
644,TFF-DA,2013,CPF,62908.5,86
645,TFF-DA,2014,CNPJ,54955186.410000004,13505
646,TFF-DA,2014,CPF,95087.69,147
647,TFF-DA,2015,CNPJ,60334157.45,15174
648,TFF-DA,2015,CPF,136962.15,187
649,TFF-DA,2016,CNPJ,54068156.64,10301
650,TFF-DA,2016,CPF,44155.130000000005,50
651,TFF-DA,2017,CNPJ,48821007.45,9673
652,TFF-DA,2017,CPF,162967.63,273
653,TFF-DA,2018,CNPJ,40129828.59,10604
654,TFF-DA,2018,CPF,41692.42,41
655,TFF-DA,2019,CNPJ,77780225.71,22608
656,TFF-DA,2019,CPF,216497.68000000002,238
657,TFF-DA,2020,CNPJ,75673895.23,23976
658,TFF-DA,2020,CPF,192289.53,231
659,TFF-DA,2021,CNPJ,78257129.78,31684
660,TFF-DA,2021,CPF,18709.69,28
661,TFF-DA,2022,CNPJ,72808263.57,34284
662,TFF-DA,2022,CPF,184503.54,277
663,TFF-DA,2023,CNPJ,81454395.64,38082
664,TFF-DA,2023,CPF,181986.12,255
665,TFF-DA,2024,CNPJ,96544.37,14
666,TL - SEFAZ,2000,CNPJ,169097.16,2
667,TL - SEFAZ,2001,CNPJ,30794.52,1
668,TL - SEFAZ,2002,CNPJ,359774.26999999996,5
669,TL - SEFAZ,2002,CPF,128819.48999999999,15
670,TL - SEFAZ,2003,CNPJ,45554.43,1
671,TL - SEFAZ,2003,CPF,49245.68,6
672,TL - SEFAZ,2004,CNPJ,135872.51,3
673,TL - SEFAZ,2004,CPF,76975.57,3
674,TL - SEFAZ,2005,CNPJ,1338779.8,6
675,TL - SEFAZ,2005,CPF,766055.56,12
676,TL - SEFAZ,2006,CNPJ,242772.12,5
677,TL - SEFAZ,2006,CPF,360397.58999999997,9
678,TL - SEFAZ,2007,CNPJ,1353.58,1
679,TL - SEFAZ,2008,CNPJ,13411.91,1
680,TL - SEFAZ,2008,CPF,86317.78000000001,3
681,TL - SEFAZ,2009,CNPJ,15704.65,1
682,TL - SEFAZ,2009,CPF,74450.03,8
683,TL - SEFAZ,2010,CNPJ,225593.31,3
684,TL - SEFAZ,2010,CPF,213497.58000000002,15
685,TL - SEFAZ,2011,CNPJ,4907.7,1
686,TL - SEFAZ,2011,CPF,10865.85,3
687,TL/TRSD-DA,1998,CNPJ,3584686.36,251
688,TL/TRSD-DA,1998,CPF,1690844.45,711
689,TL/TRSD-DA,1999,CNPJ,3729489.96,360
690,TL/TRSD-DA,1999,CPF,2132885.75,934
691,TL/TRSD-DA,2000,CNPJ,4378874.62,452
692,TL/TRSD-DA,2000,CPF,2586441.77,1200
693,TL/TRSD-DA,2001,CNPJ,3352647.01,205
694,TL/TRSD-DA,2001,CPF,1873561.29,497
695,TL/TRSD-DA,2002,CNPJ,4348660.23,289
696,TL/TRSD-DA,2002,CPF,2716754.2,1000
697,TL/TRSD-DA,2003,CNPJ,5132302.03,563
698,TL/TRSD-DA,2003,CPF,3586505.46,1597
699,TL/TRSD-DA,2004,CNPJ,4746638.87,606
700,TL/TRSD-DA,2004,CPF,3804309.04,1871
701,TL/TRSD-DA,2005,CNPJ,4733154.47,536
702,TL/TRSD-DA,2005,CPF,3719889.03,1968
703,TL/TRSD-DA,2006,CNPJ,7865463.59,960
704,TL/TRSD-DA,2006,CPF,5836470.8,2979
705,TL/TRSD-DA,2007,CNPJ,8264866.24,1005
706,TL/TRSD-DA,2007,CPF,6112168.71,3138
707,TL/TRSD-DA,2008,CNPJ,9285694.38,1945
708,TL/TRSD-DA,2008,CPF,8654158.03,6620
709,TL/TRSD-DA,2009,CNPJ,10200429.25,2228
710,TL/TRSD-DA,2009,CPF,9537097.61,7544
711,TL/TRSD-DA,2010,CNPJ,13545205.93,2579
712,TL/TRSD-DA,2010,CPF,12078239.73,8949
713,TL/TRSD-DA,2011,CNPJ,13923057.12,3068
714,TL/TRSD-DA,2011,CPF,12723993.24,11124
715,TL/TRSD-DA,2012,CNPJ,13305818.44,2424
716,TL/TRSD-DA,2012,CPF,10935142.38,6579
717,TL/TRSD-DA,2013,CNPJ,13640657.22,3569
718,TL/TRSD-DA,2013,CPF,12332381.28,10939
719,TL/TRSD-DA,2014,CNPJ,12872115.63,2643
720,TL/TRSD-DA,2014,CPF,13145628.11,9718
721,TL/TRSD-DA,2015,CNPJ,10248709.58,2596
722,TL/TRSD-DA,2015,CPF,10020500.72,10454
723,TL/TRSD-DA,2016,CNPJ,11784767.17,3523
724,TL/TRSD-DA,2016,CPF,14692521.16,15858
725,TL/TRSD-DA,2017,CNPJ,11340799.39,3593
726,TL/TRSD-DA,2017,CPF,15208200.76,17262
727,TL/TRSD-DA,2018,CNPJ,12702114.26,7244
728,TL/TRSD-DA,2018,CPF,21336829.29,49351
729,TL/TRSD-DA,2019,CNPJ,17360687.04,11193
730,TL/TRSD-DA,2019,CPF,23136352.04,55964
731,TL/TRSD-DA,2020,CNPJ,16630320.87,11688
732,TL/TRSD-DA,2020,CPF,24235042.29,63316
733,TL/TRSD-DA,2021,CNPJ,15095100.65,13968
734,TL/TRSD-DA,2021,CPF,24520794.17,68570
735,TL/TRSD-DA,2022,CNPJ,19104723.82,13993
736,TL/TRSD-DA,2022,CPF,34472135.18,74448
737,TL/TRSD-DA,2023,CNPJ,20681166.28,16467
738,TL/TRSD-DA,2023,CPF,29732941.83,68343
739,TL/TRSD-DA,2024,CNPJ,519288.93,24
740,TL/TRSD-DA,2024,CPF,2143.6,4
741,TLF - SEFAZ,1976,CPF,5906.8,1
742,TLF - SEFAZ,1977,CNPJ,149567.45,3
743,TLF - SEFAZ,1978,CNPJ,72719.13,5
744,TLF - SEFAZ,1978,CPF,32528.0,3
745,TLF - SEFAZ,1979,CNPJ,33329.95,6
746,TLF - SEFAZ,1979,CPF,6336.02,1
747,TLF - SEFAZ,1980,CNPJ,73759.58,7
748,TLF - SEFAZ,1981,CNPJ,367505.87,11
749,TLF - SEFAZ,1981,CPF,40160.979999999996,2
750,TLF - SEFAZ,1982,CNPJ,63884.11,4
751,TLF - SEFAZ,1983,CNPJ,11932.26,3
752,TLF - SEFAZ,1984,CNPJ,3341.88,1
753,TLF - SEFAZ,1985,CNPJ,122159.53,4
754,TLF - SEFAZ,1986,CNPJ,48365.27,5
755,TLF - SEFAZ,1986,CPF,20243.37,1
756,TLF - SEFAZ,1987,CNPJ,688950.08,16
757,TLF - SEFAZ,1987,CPF,300114.37,13
758,TLF - SEFAZ,1988,CNPJ,284992.94,12
759,TLF - SEFAZ,1988,CPF,6167.93,1
760,TLF - SEFAZ,1989,CNPJ,325096.11,11
761,TLF - SEFAZ,1989,CPF,10016.31,1
762,TLF - SEFAZ,1990,CNPJ,1080199.1099999999,15
763,TLF - SEFAZ,1990,CPF,5069.86,1
764,TLF - SEFAZ,1991,CNPJ,1589010.9100000001,19
765,TLF - SEFAZ,1991,CPF,41244.41,4
766,TLF - SEFAZ,1992,CNPJ,4333062.46,27
767,TLF - SEFAZ,1992,CPF,46295.66,1
768,TLF - SEFAZ,1993,CNPJ,2930464.94,56
769,TLF - SEFAZ,1994,CNPJ,2806097.91,41
770,TLF - SEFAZ,1994,CPF,5577.41,1
771,TLF - SEFAZ,1995,CNPJ,1948867.47,75
772,TLF - SEFAZ,1995,CPF,74670.12,1
773,TLF - SEFAZ,1996,CNPJ,4294467.2700000005,68
774,TLF - SEFAZ,1996,CPF,3082.12,1
775,TLF - SEFAZ,1997,CNPJ,7543930.470000001,60
776,TLF - SEFAZ,1997,CPF,160541.93000000002,3
777,TLF - SEFAZ,1998,CNPJ,281519.7,21
778,TLF - SEFAZ,1999,CNPJ,261500.74000000002,13
779,TLF - SEFAZ,2000,CNPJ,41859.5,5
780,TLF - SEFAZ,2001,CNPJ,41067.5,5
781,TLF - SEFAZ,2002,CNPJ,11763.48,3
782,TLP - SEFAZ,2011,CPF,1577.58,1
783,TLP-SEDUR,2020,CNPJ,3290559.48,2
784,TRCF - ARSAL,2017,CNPJ,4998415.73,4
785,TRCF - ARSAL,2018,CNPJ,4178211.01,6
786,TRCF - ARSAL,2019,CNPJ,2001125.8900000001,3
787,TRCF - ARSAL,2021,CNPJ,806781.95,1
788,TRSD - SEFAZ,2007,CNPJ,1445.12,1
789,TRSD - SEFAZ,2008,CNPJ,311523.11,2
790,TRSD - SEFAZ,2008,CPF,48549.6,3
791,TRSD - SEFAZ,2009,CNPJ,195845.65,4
792,TRSD - SEFAZ,2009,CPF,67935.99,7
793,TRSD - SEFAZ,2010,CNPJ,22567.719999999998,2
794,TRSD - SEFAZ,2010,CPF,578621.55,25
795,TRSD - SEFAZ,2011,CNPJ,113068.26000000001,7
796,TRSD - SEFAZ,2011,CPF,158253.17,9
797,TRSD - SEFAZ,2012,CNPJ,10449.93,5
798,TRSD - SEFAZ,2012,CPF,50352.21000000001,3
799,TRSD - SEFAZ,2013,CPF,64303.810000000005,2
800,TRSD - SEFAZ,2021,CNPJ,33878.33,1
801,TRSD - SEFAZ,2021,CPF,6373.87,1
802,TRSD - SEFAZ,2022,CNPJ,224059.98,2
803,TRSD - SEFAZ,2022,CPF,518253.23,14
804,TRSD - SEFAZ,2023,CNPJ,1291431.55,5
805,TRSD - SEFAZ,2023,CPF,282634.34,10
806,TRSD - SEFAZ,2024,CNPJ,508040.70999999996,3
807,TRSD - SEFAZ,2024,CPF,454626.97000000003,5
